{"meta": {"great_expectations_version": "0.13.19", "expectation_suite_name": "sperfilyev.ods_t_billing.warning", "run_id": {"run_time": "2021-05-27T19:22:58.362278+00:00", "run_name": "20210527T192258.362278Z"}, "batch_kwargs": {"data_asset_name": "sperfilyev.ods_t_billing", "datasource": "sperfilyev_db", "schema": "sperfilyev", "table": "ods_t_billing"}, "batch_markers": {"ge_load_time": "20210527T192257.555952Z"}, "batch_parameters": null, "validation_time": "20210527T192258.424955Z"}, "statistics": {"evaluated_expectations": 22, "successful_expectations": 21, "unsuccessful_expectations": 1, "success_percent": 95.45454545454545}, "results": [{"meta": {}, "expectation_config": {"meta": {}, "kwargs": {"column_list": ["user_id", "billing_period", "service", "tariff", "billing_sum", "created_at"], "result_format": {"result_format": "SUMMARY", "partial_unexpected_count": 20}}, "expectation_type": "expect_table_columns_to_match_ordered_list"}, "success": true, "result": {"observed_value": ["user_id", "billing_period", "service", "tariff", "billing_sum", "created_at"]}, "exception_info": {"raised_exception": false, "exception_message": null, "exception_traceback": null}}, {"meta": {}, "expectation_config": {"meta": {}, "kwargs": {"max_value": 20000, "min_value": 1000, "result_format": {"result_format": "SUMMARY", "partial_unexpected_count": 20}}, "expectation_type": "expect_table_row_count_to_be_between"}, "success": true, "result": {"observed_value": 10000}, "exception_info": {"raised_exception": false, "exception_message": null, "exception_traceback": null}}, {"meta": {}, "expectation_config": {"meta": {}, "kwargs": {"column_list": ["user_id", "billing_period", "service", "tariff", "created_at"], "ignore_row_if": "never", "result_format": {"result_format": "SUMMARY", "partial_unexpected_count": 20}}, "expectation_type": "expect_compound_columns_to_be_unique"}, "success": false, "result": {"unexpected_percent": 0.02}, "exception_info": {"raised_exception": false, "exception_message": null, "exception_traceback": null}}, {"meta": {}, "expectation_config": {"meta": {}, "kwargs": {"column": "user_id", "result_format": {"result_format": "SUMMARY", "partial_unexpected_count": 20}}, "expectation_type": "expect_column_values_to_not_be_null"}, "success": true, "result": {"element_count": 10000, "unexpected_count": 0, "unexpected_percent": 0.0, "unexpected_percent_total": 0.0, "partial_unexpected_list": []}, "exception_info": {"raised_exception": false, "exception_message": null, "exception_traceback": null}}, {"meta": {}, "expectation_config": {"meta": {}, "kwargs": {"column": "user_id", "min_value": 0.005, "result_format": {"result_format": "SUMMARY", "partial_unexpected_count": 20}}, "expectation_type": "expect_column_proportion_of_unique_values_to_be_between"}, "success": true, "result": {"observed_value": 0.0123, "element_count": 10000, "missing_count": null, "missing_percent": null}, "exception_info": {"raised_exception": false, "exception_message": null, "exception_traceback": null}}, {"meta": {}, "expectation_config": {"meta": {}, "kwargs": {"column": "user_id", "type_": "INTEGER", "result_format": {"result_format": "SUMMARY", "partial_unexpected_count": 20}}, "expectation_type": "expect_column_values_to_be_of_type"}, "success": true, "result": {"observed_value": "INTEGER"}, "exception_info": {"raised_exception": false, "exception_message": null, "exception_traceback": null}}, {"meta": {}, "expectation_config": {"meta": {}, "kwargs": {"column": "billing_period", "result_format": {"result_format": "SUMMARY", "partial_unexpected_count": 20}}, "expectation_type": "expect_column_values_to_not_be_null"}, "success": true, "result": {"element_count": 10000, "unexpected_count": 0, "unexpected_percent": 0.0, "unexpected_percent_total": 0.0, "partial_unexpected_list": []}, "exception_info": {"raised_exception": false, "exception_message": null, "exception_traceback": null}}, {"meta": {}, "expectation_config": {"meta": {}, "kwargs": {"column": "billing_period", "type_": "TEXT", "result_format": {"result_format": "SUMMARY", "partial_unexpected_count": 20}}, "expectation_type": "expect_column_values_to_be_of_type"}, "success": true, "result": {"observed_value": "TEXT"}, "exception_info": {"raised_exception": false, "exception_message": null, "exception_traceback": null}}, {"meta": {}, "expectation_config": {"meta": {}, "kwargs": {"column": "billing_period", "max_value": 0.02, "min_value": 0.005, "result_format": {"result_format": "SUMMARY", "partial_unexpected_count": 20}}, "expectation_type": "expect_column_proportion_of_unique_values_to_be_between"}, "success": true, "result": {"observed_value": 0.0085, "element_count": 10000, "missing_count": null, "missing_percent": null}, "exception_info": {"raised_exception": false, "exception_message": null, "exception_traceback": null}}, {"meta": {}, "expectation_config": {"meta": {}, "kwargs": {"column": "billing_period", "regex": "^20\\d\\d-\\d\\d$", "result_format": {"result_format": "SUMMARY", "partial_unexpected_count": 20}}, "expectation_type": "expect_column_values_to_match_regex"}, "success": true, "result": {"element_count": 10000, "missing_count": 0, "missing_percent": 0.0, "unexpected_count": 0, "unexpected_percent": 0.0, "unexpected_percent_total": 0.0, "unexpected_percent_nonmissing": 0.0, "partial_unexpected_list": [], "partial_unexpected_index_list": null, "partial_unexpected_counts": []}, "exception_info": {"raised_exception": false, "exception_message": null, "exception_traceback": null}}, {"meta": {}, "expectation_config": {"meta": {}, "kwargs": {"column": "billing_period", "max_value": "2030-01", "min_value": "2012-01", "result_format": {"result_format": "SUMMARY", "partial_unexpected_count": 20}}, "expectation_type": "expect_column_values_to_be_between"}, "success": true, "result": {"element_count": 10000, "missing_count": 0, "missing_percent": 0.0, "unexpected_count": 0, "unexpected_percent": 0.0, "unexpected_percent_total": 0.0, "unexpected_percent_nonmissing": 0.0, "partial_unexpected_list": [], "partial_unexpected_index_list": null, "partial_unexpected_counts": []}, "exception_info": {"raised_exception": false, "exception_message": null, "exception_traceback": null}}, {"meta": {}, "expectation_config": {"meta": {}, "kwargs": {"column": "service", "result_format": {"result_format": "SUMMARY", "partial_unexpected_count": 20}}, "expectation_type": "expect_column_values_to_not_be_null"}, "success": true, "result": {"element_count": 10000, "unexpected_count": 0, "unexpected_percent": 0.0, "unexpected_percent_total": 0.0, "partial_unexpected_list": []}, "exception_info": {"raised_exception": false, "exception_message": null, "exception_traceback": null}}, {"meta": {}, "expectation_config": {"meta": {}, "kwargs": {"column": "service", "type_": "TEXT", "result_format": {"result_format": "SUMMARY", "partial_unexpected_count": 20}}, "expectation_type": "expect_column_values_to_be_of_type"}, "success": true, "result": {"observed_value": "TEXT"}, "exception_info": {"raised_exception": false, "exception_message": null, "exception_traceback": null}}, {"meta": {}, "expectation_config": {"meta": {}, "kwargs": {"column": "tariff", "result_format": {"result_format": "SUMMARY", "partial_unexpected_count": 20}}, "expectation_type": "expect_column_values_to_not_be_null"}, "success": true, "result": {"element_count": 10000, "unexpected_count": 0, "unexpected_percent": 0.0, "unexpected_percent_total": 0.0, "partial_unexpected_list": []}, "exception_info": {"raised_exception": false, "exception_message": null, "exception_traceback": null}}, {"meta": {}, "expectation_config": {"meta": {}, "kwargs": {"column": "tariff", "type_": "TEXT", "result_format": {"result_format": "SUMMARY", "partial_unexpected_count": 20}}, "expectation_type": "expect_column_values_to_be_of_type"}, "success": true, "result": {"observed_value": "TEXT"}, "exception_info": {"raised_exception": false, "exception_message": null, "exception_traceback": null}}, {"meta": {}, "expectation_config": {"meta": {}, "kwargs": {"column": "billing_sum", "max_value": 300000.0, "min_value": 0.01, "mostly": 0.99, "result_format": {"result_format": "SUMMARY", "partial_unexpected_count": 20}}, "expectation_type": "expect_column_values_to_be_between"}, "success": true, "result": {"element_count": 10000, "missing_count": 0, "missing_percent": 0.0, "unexpected_count": 1, "unexpected_percent": 0.01, "unexpected_percent_total": 0.01, "unexpected_percent_nonmissing": 0.01, "partial_unexpected_list": [0.0], "partial_unexpected_index_list": null, "partial_unexpected_counts": [{"value": 0.0, "count": 1}]}, "exception_info": {"raised_exception": false, "exception_message": null, "exception_traceback": null}}, {"meta": {}, "expectation_config": {"meta": {}, "kwargs": {"column": "billing_sum", "result_format": {"result_format": "SUMMARY", "partial_unexpected_count": 20}}, "expectation_type": "expect_column_values_to_not_be_null"}, "success": true, "result": {"element_count": 10000, "unexpected_count": 0, "unexpected_percent": 0.0, "unexpected_percent_total": 0.0, "partial_unexpected_list": []}, "exception_info": {"raised_exception": false, "exception_message": null, "exception_traceback": null}}, {"meta": {}, "expectation_config": {"meta": {}, "kwargs": {"column": "billing_sum", "type_list": ["NUMERIC", "DECIMAL"], "result_format": {"result_format": "SUMMARY", "partial_unexpected_count": 20}}, "expectation_type": "expect_column_values_to_be_in_type_list"}, "success": true, "result": {"observed_value": "NUMERIC"}, "exception_info": {"raised_exception": false, "exception_message": null, "exception_traceback": null}}, {"meta": {}, "expectation_config": {"meta": {}, "kwargs": {"allow_relative_error": true, "column": "billing_sum", "quantile_ranges": {"quantiles": [0.05, 0.25, 0.5, 0.75, 0.95], "value_ranges": [[300.0, 1000.0], [1000.0, 4000.0], [4000.0, 6000.0], [6000.0, 8000.0], [8000.0, 10000.0]]}, "result_format": {"result_format": "SUMMARY", "partial_unexpected_count": 20}}, "expectation_type": "expect_column_quantile_values_to_be_between"}, "success": true, "result": {"observed_value": {"quantiles": [0.05, 0.25, 0.5, 0.75, 0.95], "values": [480.0, 2468.0, 4936.0, 7454.0, 9501.0]}, "element_count": 10000, "missing_count": null, "missing_percent": null, "details": {"success_details": [true, true, true, true, true]}}, "exception_info": {"raised_exception": false, "exception_message": null, "exception_traceback": null}}, {"meta": {}, "expectation_config": {"meta": {}, "kwargs": {"column": "created_at", "result_format": {"result_format": "SUMMARY", "partial_unexpected_count": 20}}, "expectation_type": "expect_column_values_to_not_be_null"}, "success": true, "result": {"element_count": 10000, "unexpected_count": 0, "unexpected_percent": 0.0, "unexpected_percent_total": 0.0, "partial_unexpected_list": []}, "exception_info": {"raised_exception": false, "exception_message": null, "exception_traceback": null}}, {"meta": {}, "expectation_config": {"meta": {}, "kwargs": {"column": "created_at", "type_list": ["DATE", "DATETIME", "TIMESTAMP"], "result_format": {"result_format": "SUMMARY", "partial_unexpected_count": 20}}, "expectation_type": "expect_column_values_to_be_in_type_list"}, "success": true, "result": {"observed_value": "DATE"}, "exception_info": {"raised_exception": false, "exception_message": null, "exception_traceback": null}}, {"meta": {}, "expectation_config": {"meta": {}, "kwargs": {"column": "created_at", "max_value": "2030-01-01 00:00:00", "min_value": "2012-01-01 00:00:00", "parse_strings_as_datetimes": true, "result_format": {"result_format": "SUMMARY", "partial_unexpected_count": 20}}, "expectation_type": "expect_column_values_to_be_between"}, "success": true, "result": {"element_count": 10000, "missing_count": 0, "missing_percent": 0.0, "unexpected_count": 0, "unexpected_percent": 0.0, "unexpected_percent_total": 0.0, "unexpected_percent_nonmissing": 0.0, "partial_unexpected_list": [], "partial_unexpected_index_list": null, "partial_unexpected_counts": []}, "exception_info": {"raised_exception": false, "exception_message": null, "exception_traceback": null}}], "success": false, "evaluation_parameters": {}}