{
  "data_asset_type": "Dataset",
  "expectation_suite_name": "sperfilyev.ods_t_traffic.warning",
  "expectations": [
    {
      "expectation_type": "expect_table_row_count_to_be_between",
      "kwargs": {
        "max_value": 20000,
        "min_value": 1000
      },
      "meta": {}
    },
    {
      "expectation_type": "expect_table_columns_to_match_ordered_list",
      "kwargs": {
        "column_list": [
          "user_id",
          "traffic_time",
          "device_id",
          "device_ip_addr",
          "bytes_sent",
          "bytes_received"
        ]
      },
      "meta": {}
    },
    {
      "expectation_type": "expect_compound_columns_to_be_unique",
      "kwargs": {
        "column_list": [
          "user_id",
          "device_id",
          "traffic_time"
        ],
        "ignore_row_if": "never"
      },
      "meta": {}
    },
    {
      "expectation_type": "expect_column_values_to_not_be_null",
      "kwargs": {
        "column": "device_id"
      },
      "meta": {}
    },
    {
      "expectation_type": "expect_column_values_to_be_of_type",
      "kwargs": {
        "column": "device_id",
        "type_": "TEXT"
      },
      "meta": {}
    },
    {
      "expectation_type": "expect_column_value_lengths_to_equal",
      "kwargs": {
        "column": "device_id",
        "value": 10
      },
      "meta": {}
    },
    {
      "expectation_type": "expect_column_values_to_match_regex",
      "kwargs": {
        "column": "device_id",
        "regex": "^d\\d{9}$"
      },
      "meta": {}
    },
    {
      "expectation_type": "expect_column_values_to_not_be_null",
      "kwargs": {
        "column": "bytes_sent"
      },
      "meta": {}
    },
    {
      "expectation_type": "expect_column_values_to_be_of_type",
      "kwargs": {
        "column": "bytes_sent",
        "type_": "INTEGER"
      },
      "meta": {}
    },
    {
      "expectation_type": "expect_column_min_to_be_between",
      "kwargs": {
        "column": "bytes_sent",
        "max_value": 92771293593600,
        "min_value": 0
      },
      "meta": {}
    },
    {
      "expectation_type": "expect_column_max_to_be_between",
      "kwargs": {
        "column": "bytes_sent",
        "max_value": 92771293593600,
        "min_value": 1024
      },
      "meta": {}
    },
    {
      "expectation_type": "expect_column_values_to_not_be_null",
      "kwargs": {
        "column": "bytes_received"
      },
      "meta": {}
    },
    {
      "expectation_type": "expect_column_values_to_be_of_type",
      "kwargs": {
        "column": "bytes_received",
        "type_": "INTEGER"
      },
      "meta": {}
    },
    {
      "expectation_type": "expect_column_min_to_be_between",
      "kwargs": {
        "column": "bytes_received",
        "max_value": 92771293593600,
        "min_value": 0
      },
      "meta": {}
    },
    {
      "expectation_type": "expect_column_max_to_be_between",
      "kwargs": {
        "column": "bytes_received",
        "max_value": 92771293593600,
        "min_value": 1024
      },
      "meta": {}
    },
    {
      "expectation_type": "expect_column_values_to_not_be_null",
      "kwargs": {
        "column": "user_id"
      },
      "meta": {}
    },
    {
      "expectation_type": "expect_column_values_to_be_of_type",
      "kwargs": {
        "column": "user_id",
        "type_": "INTEGER"
      },
      "meta": {}
    },
    {
      "expectation_type": "expect_column_proportion_of_unique_values_to_be_between",
      "kwargs": {
        "column": "user_id",
        "min_value": 0.005
      },
      "meta": {}
    },
    {
      "expectation_type": "expect_column_values_to_not_be_null",
      "kwargs": {
        "column": "device_ip_addr"
      },
      "meta": {}
    },
    {
      "expectation_type": "expect_column_values_to_be_of_type",
      "kwargs": {
        "column": "device_ip_addr",
        "type_": "TEXT"
      },
      "meta": {}
    },
    {
      "expectation_type": "expect_column_values_to_match_regex",
      "kwargs": {
        "column": "device_ip_addr",
        "regex": "^\\d{1,3}\\.\\d{1,3}\\.\\d{1,3}\\.\\d{1,3}$"
      },
      "meta": {}
    },
    {
      "expectation_type": "expect_column_values_to_not_be_null",
      "kwargs": {
        "column": "traffic_time"
      },
      "meta": {}
    },
    {
      "expectation_type": "expect_column_values_to_be_of_type",
      "kwargs": {
        "column": "traffic_time",
        "type_": "TIMESTAMP"
      },
      "meta": {}
    }
  ],
  "meta": {
    "citations": [
      {
        "batch_definition": null,
        "batch_kwargs": {
          "data_asset_name": "sperfilyev.ods_t_traffic",
          "datasource": "sperfilyev_db",
          "limit": 1000,
          "schema": "sperfilyev",
          "table": "ods_t_traffic"
        },
        "batch_markers": null,
        "batch_parameters": null,
        "batch_request": null,
        "batch_spec": null,
        "citation_date": "2021-05-27T19:46:15.117974Z",
        "comment": "New suite added via CLI"
      }
    ],
    "great_expectations_version": "0.13.19"
  }
}