{
  "data_asset_type": "Dataset",
  "expectation_suite_name": "sperfilyev.ods_t_billing.warning",
  "expectations": [
    {
      "expectation_type": "expect_table_columns_to_match_ordered_list",
      "kwargs": {
        "column_list": [
          "user_id",
          "billing_period",
          "service",
          "tariff",
          "billing_sum",
          "created_at"
        ]
      },
      "meta": {}
    },
    {
      "expectation_type": "expect_table_row_count_to_be_between",
      "kwargs": {
        "max_value": 20000,
        "min_value": 1000
      },
      "meta": {}
    },
    {
      "expectation_type": "expect_compound_columns_to_be_unique",
      "kwargs": {
        "column_list": [
          "user_id",
          "billing_period",
          "service",
          "tariff",
          "created_at"
        ],
        "ignore_row_if": "never"
      },
      "meta": {}
    },
    {
      "expectation_type": "expect_column_values_to_not_be_null",
      "kwargs": {
        "column": "user_id"
      },
      "meta": {}
    },
    {
      "expectation_type": "expect_column_proportion_of_unique_values_to_be_between",
      "kwargs": {
        "column": "user_id",
        "min_value": 0.005
      },
      "meta": {}
    },
    {
      "expectation_type": "expect_column_values_to_be_of_type",
      "kwargs": {
        "column": "user_id",
        "type_": "INTEGER"
      },
      "meta": {}
    },
    {
      "expectation_type": "expect_column_values_to_not_be_null",
      "kwargs": {
        "column": "billing_period"
      },
      "meta": {}
    },
    {
      "expectation_type": "expect_column_values_to_be_of_type",
      "kwargs": {
        "column": "billing_period",
        "type_": "TEXT"
      },
      "meta": {}
    },
    {
      "expectation_type": "expect_column_proportion_of_unique_values_to_be_between",
      "kwargs": {
        "column": "billing_period",
        "max_value": 0.02,
        "min_value": 0.005
      },
      "meta": {}
    },
    {
      "expectation_type": "expect_column_values_to_match_regex",
      "kwargs": {
        "column": "billing_period",
        "regex": "^20\\d\\d-\\d\\d$"
      },
      "meta": {}
    },
    {
      "expectation_type": "expect_column_values_to_be_between",
      "kwargs": {
        "column": "billing_period",
        "max_value": "2030-01",
        "min_value": "2012-01"
      },
      "meta": {}
    },
    {
      "expectation_type": "expect_column_values_to_not_be_null",
      "kwargs": {
        "column": "service"
      },
      "meta": {}
    },
    {
      "expectation_type": "expect_column_values_to_be_of_type",
      "kwargs": {
        "column": "service",
        "type_": "TEXT"
      },
      "meta": {}
    },
    {
      "expectation_type": "expect_column_values_to_not_be_null",
      "kwargs": {
        "column": "tariff"
      },
      "meta": {}
    },
    {
      "expectation_type": "expect_column_values_to_be_of_type",
      "kwargs": {
        "column": "tariff",
        "type_": "TEXT"
      },
      "meta": {}
    },
    {
      "expectation_type": "expect_column_values_to_be_between",
      "kwargs": {
        "column": "billing_sum",
        "max_value": 300000.0,
        "min_value": 0.01,
        "mostly": 0.99
      },
      "meta": {}
    },
    {
      "expectation_type": "expect_column_values_to_not_be_null",
      "kwargs": {
        "column": "billing_sum"
      },
      "meta": {}
    },
    {
      "expectation_type": "expect_column_values_to_be_in_type_list",
      "kwargs": {
        "column": "billing_sum",
        "type_list": [
          "NUMERIC",
          "DECIMAL"
        ]
      },
      "meta": {}
    },
    {
      "expectation_type": "expect_column_quantile_values_to_be_between",
      "kwargs": {
        "allow_relative_error": true,
        "column": "billing_sum",
        "quantile_ranges": {
          "quantiles": [
            0.05,
            0.25,
            0.5,
            0.75,
            0.95
          ],
          "value_ranges": [
            [
              300.0,
              1000.0
            ],
            [
              1000.0,
              4000.0
            ],
            [
              4000.0,
              6000.0
            ],
            [
              6000.0,
              8000.0
            ],
            [
              8000.0,
              10000.0
            ]
          ]
        }
      },
      "meta": {}
    },
    {
      "expectation_type": "expect_column_values_to_not_be_null",
      "kwargs": {
        "column": "created_at"
      },
      "meta": {}
    },
    {
      "expectation_type": "expect_column_values_to_be_in_type_list",
      "kwargs": {
        "column": "created_at",
        "type_list": [
          "DATE",
          "DATETIME",
          "TIMESTAMP"
        ]
      },
      "meta": {}
    },
    {
      "expectation_type": "expect_column_values_to_be_between",
      "kwargs": {
        "column": "created_at",
        "max_value": "2030-01-01 00:00:00",
        "min_value": "2012-01-01 00:00:00",
        "parse_strings_as_datetimes": true
      },
      "meta": {}
    }
  ],
  "meta": {
    "BasicSuiteBuilderProfiler": {
      "batch_kwargs": {
        "data_asset_name": "sperfilyev.ods_t_billing",
        "datasource": "sperfilyev_db",
        "limit": 1000,
        "schema": "sperfilyev",
        "table": "ods_t_billing"
      },
      "created_at": 1622142032.4170556,
      "created_by": "BasicSuiteBuilderProfiler"
    },
    "citations": [
      {
        "batch_definition": null,
        "batch_kwargs": {
          "data_asset_name": "sperfilyev.ods_t_billing",
          "datasource": "sperfilyev_db",
          "limit": 1000,
          "schema": "sperfilyev",
          "table": "ods_t_billing"
        },
        "batch_markers": {
          "ge_load_time": "20210527T190021.291466Z"
        },
        "batch_parameters": null,
        "batch_request": null,
        "batch_spec": null,
        "citation_date": "2021-05-27T19:00:34.964065Z",
        "comment": "BasicSuiteBuilderProfiler added a citation based on the current batch."
      }
    ],
    "columns": {
      "billing_period": {
        "description": ""
      },
      "billing_sum": {
        "description": ""
      },
      "created_at": {
        "description": ""
      },
      "service": {
        "description": ""
      },
      "tariff": {
        "description": ""
      },
      "user_id": {
        "description": ""
      }
    },
    "great_expectations_version": "0.13.19",
    "notes": {
      "content": [
        ""
      ],
      "format": "markdown"
    }
  }
}