{"results": [{"success": true, "exception_info": {"raised_exception": false, "exception_message": null, "exception_traceback": null}, "meta": {}, "result": {"observed_value": ["user_id", "pay_doc_type", "pay_doc_num", "account", "phone", "billing_period", "pay_date", "pay_sum"]}, "expectation_config": {"expectation_type": "expect_table_columns_to_match_ordered_list", "meta": {}, "kwargs": {"column_list": ["user_id", "pay_doc_type", "pay_doc_num", "account", "phone", "billing_period", "pay_date", "pay_sum"], "result_format": {"result_format": "SUMMARY", "partial_unexpected_count": 20}}}}, {"success": true, "exception_info": {"raised_exception": false, "exception_message": null, "exception_traceback": null}, "meta": {}, "result": {"observed_value": 10000}, "expectation_config": {"expectation_type": "expect_table_row_count_to_be_between", "meta": {}, "kwargs": {"max_value": 20000, "min_value": 1000, "result_format": {"result_format": "SUMMARY", "partial_unexpected_count": 20}}}}, {"success": true, "exception_info": {"raised_exception": false, "exception_message": null, "exception_traceback": null}, "meta": {}, "result": {"unexpected_percent": 0.0}, "expectation_config": {"expectation_type": "expect_compound_columns_to_be_unique", "meta": {}, "kwargs": {"column_list": ["pay_doc_type", "pay_doc_num"], "ignore_row_if": "never", "result_format": {"result_format": "SUMMARY", "partial_unexpected_count": 20}}}}, {"success": true, "exception_info": {"raised_exception": false, "exception_message": null, "exception_traceback": null}, "meta": {}, "result": {"element_count": 10000, "unexpected_count": 0, "unexpected_percent": 0.0, "unexpected_percent_total": 0.0, "partial_unexpected_list": []}, "expectation_config": {"expectation_type": "expect_column_values_to_not_be_null", "meta": {}, "kwargs": {"column": "user_id", "result_format": {"result_format": "SUMMARY", "partial_unexpected_count": 20}}}}, {"success": true, "exception_info": {"raised_exception": false, "exception_message": null, "exception_traceback": null}, "meta": {}, "result": {"observed_value": 0.0123, "element_count": 10000, "missing_count": null, "missing_percent": null}, "expectation_config": {"expectation_type": "expect_column_proportion_of_unique_values_to_be_between", "meta": {}, "kwargs": {"column": "user_id", "min_value": 0.005, "result_format": {"result_format": "SUMMARY", "partial_unexpected_count": 20}}}}, {"success": true, "exception_info": {"raised_exception": false, "exception_message": null, "exception_traceback": null}, "meta": {}, "result": {"observed_value": "INTEGER"}, "expectation_config": {"expectation_type": "expect_column_values_to_be_of_type", "meta": {}, "kwargs": {"column": "user_id", "type_": "INTEGER", "result_format": {"result_format": "SUMMARY", "partial_unexpected_count": 20}}}}, {"success": true, "exception_info": {"raised_exception": false, "exception_message": null, "exception_traceback": null}, "meta": {}, "result": {"observed_value": ["MASTER", "MIR", "VISA"], "element_count": 10000, "missing_count": null, "missing_percent": null, "details": {"value_counts": [{"value": "MASTER", "count": 3416}, {"value": "MIR", "count": 3282}, {"value": "VISA", "count": 3302}]}}, "expectation_config": {"expectation_type": "expect_column_distinct_values_to_equal_set", "meta": {}, "kwargs": {"column": "pay_doc_type", "value_set": ["MASTER", "MIR", "VISA"], "result_format": {"result_format": "SUMMARY", "partial_unexpected_count": 20}}}}, {"success": true, "exception_info": {"raised_exception": false, "exception_message": null, "exception_traceback": null}, "meta": {}, "result": {"element_count": 10000, "unexpected_count": 0, "unexpected_percent": 0.0, "unexpected_percent_total": 0.0, "partial_unexpected_list": []}, "expectation_config": {"expectation_type": "expect_column_values_to_not_be_null", "meta": {}, "kwargs": {"column": "pay_doc_type", "result_format": {"result_format": "SUMMARY", "partial_unexpected_count": 20}}}}, {"success": true, "exception_info": {"raised_exception": false, "exception_message": null, "exception_traceback": null}, "meta": {}, "result": {"observed_value": "TEXT"}, "expectation_config": {"expectation_type": "expect_column_values_to_be_of_type", "meta": {}, "kwargs": {"column": "pay_doc_type", "type_": "TEXT", "result_format": {"result_format": "SUMMARY", "partial_unexpected_count": 20}}}}, {"success": true, "exception_info": {"raised_exception": false, "exception_message": null, "exception_traceback": null}, "meta": {}, "result": {"observed_value": 0.0001561738075192237, "element_count": 10000, "missing_count": null, "missing_percent": null, "details": {"observed_partition": {"values": ["MASTER", "MIR", "VISA"], "weights": [0.3416, 0.3282, 0.3302]}, "expected_partition": {"values": ["MASTER", "MIR", "VISA"], "weights": [0.3333333333333333, 0.3333333333333333, 0.3333333333333333]}}}, "expectation_config": {"expectation_type": "expect_column_kl_divergence_to_be_less_than", "meta": {}, "kwargs": {"column": "pay_doc_type", "partition_object": {"values": ["MASTER", "MIR", "VISA"], "weights": [0.3333333333333333, 0.3333333333333333, 0.3333333333333333]}, "threshold": 0.5, "result_format": {"result_format": "SUMMARY", "partial_unexpected_count": 20}}}}, {"success": true, "exception_info": {"raised_exception": false, "exception_message": null, "exception_traceback": null}, "meta": {}, "result": {"element_count": 10000, "unexpected_count": 0, "unexpected_percent": 0.0, "unexpected_percent_total": 0.0, "partial_unexpected_list": []}, "expectation_config": {"expectation_type": "expect_column_values_to_not_be_null", "meta": {}, "kwargs": {"column": "pay_doc_num", "result_format": {"result_format": "SUMMARY", "partial_unexpected_count": 20}}}}, {"success": true, "exception_info": {"raised_exception": false, "exception_message": null, "exception_traceback": null}, "meta": {}, "result": {"element_count": 10000, "missing_count": 0, "missing_percent": 0.0, "unexpected_count": 0, "unexpected_percent": 0.0, "unexpected_percent_total": 0.0, "unexpected_percent_nonmissing": 0.0, "partial_unexpected_list": [], "partial_unexpected_index_list": null, "partial_unexpected_counts": []}, "expectation_config": {"expectation_type": "expect_column_values_to_be_between", "meta": {}, "kwargs": {"column": "pay_doc_num", "min_value": 1, "result_format": {"result_format": "SUMMARY", "partial_unexpected_count": 20}}}}, {"success": true, "exception_info": {"raised_exception": false, "exception_message": null, "exception_traceback": null}, "meta": {}, "result": {"observed_value": "INTEGER"}, "expectation_config": {"expectation_type": "expect_column_values_to_be_of_type", "meta": {}, "kwargs": {"column": "pay_doc_num", "type_": "INTEGER", "result_format": {"result_format": "SUMMARY", "partial_unexpected_count": 20}}}}, {"success": true, "exception_info": {"raised_exception": false, "exception_message": null, "exception_traceback": null}, "meta": {}, "result": {"element_count": 10000, "unexpected_count": 0, "unexpected_percent": 0.0, "unexpected_percent_total": 0.0, "partial_unexpected_list": []}, "expectation_config": {"expectation_type": "expect_column_values_to_not_be_null", "meta": {}, "kwargs": {"column": "account", "result_format": {"result_format": "SUMMARY", "partial_unexpected_count": 20}}}}, {"success": true, "exception_info": {"raised_exception": false, "exception_message": null, "exception_traceback": null}, "meta": {}, "result": {"observed_value": 0.0123, "element_count": 10000, "missing_count": null, "missing_percent": null}, "expectation_config": {"expectation_type": "expect_column_proportion_of_unique_values_to_be_between", "meta": {}, "kwargs": {"column": "account", "min_value": 0.01, "result_format": {"result_format": "SUMMARY", "partial_unexpected_count": 20}}}}, {"success": true, "exception_info": {"raised_exception": false, "exception_message": null, "exception_traceback": null}, "meta": {}, "result": {"observed_value": "TEXT"}, "expectation_config": {"expectation_type": "expect_column_values_to_be_of_type", "meta": {}, "kwargs": {"column": "account", "type_": "TEXT", "result_format": {"result_format": "SUMMARY", "partial_unexpected_count": 20}}}}, {"success": true, "exception_info": {"raised_exception": false, "exception_message": null, "exception_traceback": null}, "meta": {}, "result": {"element_count": 10000, "missing_count": 0, "missing_percent": 0.0, "unexpected_count": 0, "unexpected_percent": 0.0, "unexpected_percent_total": 0.0, "unexpected_percent_nonmissing": 0.0, "partial_unexpected_list": [], "partial_unexpected_index_list": null, "partial_unexpected_counts": []}, "expectation_config": {"expectation_type": "expect_column_values_to_match_regex", "meta": {}, "kwargs": {"column": "account", "regex": "^FL-\\d{1,10}$", "result_format": {"result_format": "SUMMARY", "partial_unexpected_count": 20}}}}, {"success": true, "exception_info": {"raised_exception": false, "exception_message": null, "exception_traceback": null}, "meta": {}, "result": {"element_count": 10000, "unexpected_count": 0, "unexpected_percent": 0.0, "unexpected_percent_total": 0.0, "partial_unexpected_list": []}, "expectation_config": {"expectation_type": "expect_column_values_to_not_be_null", "meta": {}, "kwargs": {"column": "phone", "result_format": {"result_format": "SUMMARY", "partial_unexpected_count": 20}}}}, {"success": true, "exception_info": {"raised_exception": false, "exception_message": null, "exception_traceback": null}, "meta": {}, "result": {"element_count": 10000, "missing_count": 0, "missing_percent": 0.0, "unexpected_count": 0, "unexpected_percent": 0.0, "unexpected_percent_total": 0.0, "unexpected_percent_nonmissing": 0.0, "partial_unexpected_list": [], "partial_unexpected_index_list": null, "partial_unexpected_counts": []}, "expectation_config": {"expectation_type": "expect_column_values_to_match_regex", "meta": {}, "kwargs": {"column": "phone", "regex": "^\\+79\\d{9}$", "result_format": {"result_format": "SUMMARY", "partial_unexpected_count": 20}}}}, {"success": true, "exception_info": {"raised_exception": false, "exception_message": null, "exception_traceback": null}, "meta": {}, "result": {"observed_value": "TEXT"}, "expectation_config": {"expectation_type": "expect_column_values_to_be_of_type", "meta": {}, "kwargs": {"column": "phone", "type_": "TEXT", "result_format": {"result_format": "SUMMARY", "partial_unexpected_count": 20}}}}, {"success": true, "exception_info": {"raised_exception": false, "exception_message": null, "exception_traceback": null}, "meta": {}, "result": {"observed_value": 0.0085, "element_count": 10000, "missing_count": null, "missing_percent": null}, "expectation_config": {"expectation_type": "expect_column_proportion_of_unique_values_to_be_between", "meta": {}, "kwargs": {"column": "billing_period", "max_value": 0.02, "min_value": 0.005, "result_format": {"result_format": "SUMMARY", "partial_unexpected_count": 20}}}}, {"success": true, "exception_info": {"raised_exception": false, "exception_message": null, "exception_traceback": null}, "meta": {}, "result": {"element_count": 10000, "unexpected_count": 0, "unexpected_percent": 0.0, "unexpected_percent_total": 0.0, "partial_unexpected_list": []}, "expectation_config": {"expectation_type": "expect_column_values_to_not_be_null", "meta": {}, "kwargs": {"column": "billing_period", "result_format": {"result_format": "SUMMARY", "partial_unexpected_count": 20}}}}, {"success": true, "exception_info": {"raised_exception": false, "exception_message": null, "exception_traceback": null}, "meta": {}, "result": {"element_count": 10000, "missing_count": 0, "missing_percent": 0.0, "unexpected_count": 0, "unexpected_percent": 0.0, "unexpected_percent_total": 0.0, "unexpected_percent_nonmissing": 0.0, "partial_unexpected_list": [], "partial_unexpected_index_list": null, "partial_unexpected_counts": []}, "expectation_config": {"expectation_type": "expect_column_values_to_match_regex", "meta": {}, "kwargs": {"column": "billing_period", "regex": "^20\\d\\d-\\d\\d$", "result_format": {"result_format": "SUMMARY", "partial_unexpected_count": 20}}}}, {"success": true, "exception_info": {"raised_exception": false, "exception_message": null, "exception_traceback": null}, "meta": {}, "result": {"element_count": 10000, "missing_count": 0, "missing_percent": 0.0, "unexpected_count": 0, "unexpected_percent": 0.0, "unexpected_percent_total": 0.0, "unexpected_percent_nonmissing": 0.0, "partial_unexpected_list": [], "partial_unexpected_index_list": null, "partial_unexpected_counts": []}, "expectation_config": {"expectation_type": "expect_column_values_to_be_between", "meta": {}, "kwargs": {"column": "billing_period", "max_value": "2030-01", "min_value": "2012-01", "result_format": {"result_format": "SUMMARY", "partial_unexpected_count": 20}}}}, {"success": true, "exception_info": {"raised_exception": false, "exception_message": null, "exception_traceback": null}, "meta": {}, "result": {"observed_value": "TEXT"}, "expectation_config": {"expectation_type": "expect_column_values_to_be_of_type", "meta": {}, "kwargs": {"column": "billing_period", "type_": "TEXT", "result_format": {"result_format": "SUMMARY", "partial_unexpected_count": 20}}}}, {"success": true, "exception_info": {"raised_exception": false, "exception_message": null, "exception_traceback": null}, "meta": {}, "result": {"element_count": 10000, "unexpected_count": 0, "unexpected_percent": 0.0, "unexpected_percent_total": 0.0, "partial_unexpected_list": []}, "expectation_config": {"expectation_type": "expect_column_values_to_not_be_null", "meta": {}, "kwargs": {"column": "pay_date", "result_format": {"result_format": "SUMMARY", "partial_unexpected_count": 20}}}}, {"success": true, "exception_info": {"raised_exception": false, "exception_message": null, "exception_traceback": null}, "meta": {}, "result": {"observed_value": "DATE"}, "expectation_config": {"expectation_type": "expect_column_values_to_be_of_type", "meta": {}, "kwargs": {"column": "pay_date", "type_": "DATE", "result_format": {"result_format": "SUMMARY", "partial_unexpected_count": 20}}}}, {"success": true, "exception_info": {"raised_exception": false, "exception_message": null, "exception_traceback": null}, "meta": {}, "result": {"element_count": 10000, "missing_count": 0, "missing_percent": 0.0, "unexpected_count": 0, "unexpected_percent": 0.0, "unexpected_percent_total": 0.0, "unexpected_percent_nonmissing": 0.0, "partial_unexpected_list": [], "partial_unexpected_index_list": null, "partial_unexpected_counts": []}, "expectation_config": {"expectation_type": "expect_column_values_to_be_between", "meta": {}, "kwargs": {"column": "pay_date", "max_value": "2030-01-01", "min_value": "2012-01-01", "parse_strings_as_datetimes": true, "result_format": {"result_format": "SUMMARY", "partial_unexpected_count": 20}}}}, {"success": true, "exception_info": {"raised_exception": false, "exception_message": null, "exception_traceback": null}, "meta": {}, "result": {"element_count": 10000, "missing_count": 0, "missing_percent": 0.0, "unexpected_count": 1, "unexpected_percent": 0.01, "unexpected_percent_total": 0.01, "unexpected_percent_nonmissing": 0.01, "partial_unexpected_list": [0.0], "partial_unexpected_index_list": null, "partial_unexpected_counts": [{"value": 0.0, "count": 1}]}, "expectation_config": {"expectation_type": "expect_column_values_to_be_between", "meta": {}, "kwargs": {"column": "pay_sum", "max_value": 300000.0, "min_value": 0.01, "mostly": 0.99, "result_format": {"result_format": "SUMMARY", "partial_unexpected_count": 20}}}}, {"success": true, "exception_info": {"raised_exception": false, "exception_message": null, "exception_traceback": null}, "meta": {}, "result": {"observed_value": {"quantiles": [0.05, 0.25, 0.5, 0.75, 0.95], "values": [480.0, 2468.0, 4936.0, 7454.0, 9501.0]}, "element_count": 10000, "missing_count": null, "missing_percent": null, "details": {"success_details": [true, true, true, true, true]}}, "expectation_config": {"expectation_type": "expect_column_quantile_values_to_be_between", "meta": {}, "kwargs": {"allow_relative_error": true, "column": "pay_sum", "quantile_ranges": {"quantiles": [0.05, 0.25, 0.5, 0.75, 0.95], "value_ranges": [[300.0, 1000.0], [1000.0, 4000.0], [4000.0, 6000.0], [6000.0, 8000.0], [8000.0, 10000.0]]}, "result_format": {"result_format": "SUMMARY", "partial_unexpected_count": 20}}}}, {"success": true, "exception_info": {"raised_exception": false, "exception_message": null, "exception_traceback": null}, "meta": {}, "result": {"element_count": 10000, "unexpected_count": 0, "unexpected_percent": 0.0, "unexpected_percent_total": 0.0, "partial_unexpected_list": []}, "expectation_config": {"expectation_type": "expect_column_values_to_not_be_null", "meta": {}, "kwargs": {"column": "pay_sum", "result_format": {"result_format": "SUMMARY", "partial_unexpected_count": 20}}}}, {"success": true, "exception_info": {"raised_exception": false, "exception_message": null, "exception_traceback": null}, "meta": {}, "result": {"observed_value": "NUMERIC"}, "expectation_config": {"expectation_type": "expect_column_values_to_be_in_type_list", "meta": {}, "kwargs": {"column": "pay_sum", "type_list": ["NUMERIC", "DECIMAL"], "result_format": {"result_format": "SUMMARY", "partial_unexpected_count": 20}}}}], "success": true, "meta": {"great_expectations_version": "0.13.19", "expectation_suite_name": "sperfilyev.ods_t_payment.warning", "run_id": {"run_name": "20210527T192906.225668Z", "run_time": "2021-05-27T19:29:06.225668+00:00"}, "batch_kwargs": {"data_asset_name": "sperfilyev.ods_t_payment", "datasource": "sperfilyev_db", "schema": "sperfilyev", "table": "ods_t_payment"}, "batch_markers": {"ge_load_time": "20210527T192905.623726Z"}, "batch_parameters": null, "validation_time": "20210527T192906.288334Z"}, "evaluation_parameters": {}, "statistics": {"evaluated_expectations": 32, "successful_expectations": 32, "unsuccessful_expectations": 0, "success_percent": 100.0}}