{"results": [{"meta": {}, "success": true, "result": {"observed_value": 10000}, "expectation_config": {"kwargs": {"max_value": 20000, "min_value": 1000, "result_format": {"result_format": "SUMMARY", "partial_unexpected_count": 20}}, "meta": {}, "expectation_type": "expect_table_row_count_to_be_between"}, "exception_info": {"raised_exception": false, "exception_message": null, "exception_traceback": null}}, {"meta": {}, "success": true, "result": {"observed_value": ["user_id", "traffic_time", "device_id", "device_ip_addr", "bytes_sent", "bytes_received"]}, "expectation_config": {"kwargs": {"column_list": ["user_id", "traffic_time", "device_id", "device_ip_addr", "bytes_sent", "bytes_received"], "result_format": {"result_format": "SUMMARY", "partial_unexpected_count": 20}}, "meta": {}, "expectation_type": "expect_table_columns_to_match_ordered_list"}, "exception_info": {"raised_exception": false, "exception_message": null, "exception_traceback": null}}, {"meta": {}, "success": true, "result": {"unexpected_percent": 0.0}, "expectation_config": {"kwargs": {"column_list": ["user_id", "device_id", "traffic_time"], "ignore_row_if": "never", "result_format": {"result_format": "SUMMARY", "partial_unexpected_count": 20}}, "meta": {}, "expectation_type": "expect_compound_columns_to_be_unique"}, "exception_info": {"raised_exception": false, "exception_message": null, "exception_traceback": null}}, {"meta": {}, "success": true, "result": {"element_count": 10000, "unexpected_count": 0, "unexpected_percent": 0.0, "unexpected_percent_total": 0.0, "partial_unexpected_list": []}, "expectation_config": {"kwargs": {"column": "device_id", "result_format": {"result_format": "SUMMARY", "partial_unexpected_count": 20}}, "meta": {}, "expectation_type": "expect_column_values_to_not_be_null"}, "exception_info": {"raised_exception": false, "exception_message": null, "exception_traceback": null}}, {"meta": {}, "success": true, "result": {"observed_value": "TEXT"}, "expectation_config": {"kwargs": {"column": "device_id", "type_": "TEXT", "result_format": {"result_format": "SUMMARY", "partial_unexpected_count": 20}}, "meta": {}, "expectation_type": "expect_column_values_to_be_of_type"}, "exception_info": {"raised_exception": false, "exception_message": null, "exception_traceback": null}}, {"meta": {}, "success": true, "result": {"element_count": 10000, "missing_count": 0, "missing_percent": 0.0, "unexpected_count": 0, "unexpected_percent": 0.0, "unexpected_percent_total": 0.0, "unexpected_percent_nonmissing": 0.0, "partial_unexpected_list": [], "partial_unexpected_index_list": null, "partial_unexpected_counts": []}, "expectation_config": {"kwargs": {"column": "device_id", "value": 10, "result_format": {"result_format": "SUMMARY", "partial_unexpected_count": 20}}, "meta": {}, "expectation_type": "expect_column_value_lengths_to_equal"}, "exception_info": {"raised_exception": false, "exception_message": null, "exception_traceback": null}}, {"meta": {}, "success": true, "result": {"element_count": 10000, "missing_count": 0, "missing_percent": 0.0, "unexpected_count": 0, "unexpected_percent": 0.0, "unexpected_percent_total": 0.0, "unexpected_percent_nonmissing": 0.0, "partial_unexpected_list": [], "partial_unexpected_index_list": null, "partial_unexpected_counts": []}, "expectation_config": {"kwargs": {"column": "device_id", "regex": "^d\\d{9}$", "result_format": {"result_format": "SUMMARY", "partial_unexpected_count": 20}}, "meta": {}, "expectation_type": "expect_column_values_to_match_regex"}, "exception_info": {"raised_exception": false, "exception_message": null, "exception_traceback": null}}, {"meta": {}, "success": true, "result": {"element_count": 10000, "unexpected_count": 0, "unexpected_percent": 0.0, "unexpected_percent_total": 0.0, "partial_unexpected_list": []}, "expectation_config": {"kwargs": {"column": "bytes_sent", "result_format": {"result_format": "SUMMARY", "partial_unexpected_count": 20}}, "meta": {}, "expectation_type": "expect_column_values_to_not_be_null"}, "exception_info": {"raised_exception": false, "exception_message": null, "exception_traceback": null}}, {"meta": {}, "success": true, "result": {"observed_value": "INTEGER"}, "expectation_config": {"kwargs": {"column": "bytes_sent", "type_": "INTEGER", "result_format": {"result_format": "SUMMARY", "partial_unexpected_count": 20}}, "meta": {}, "expectation_type": "expect_column_values_to_be_of_type"}, "exception_info": {"raised_exception": false, "exception_message": null, "exception_traceback": null}}, {"meta": {}, "success": true, "result": {"observed_value": 430343, "element_count": 10000, "missing_count": null, "missing_percent": null}, "expectation_config": {"kwargs": {"column": "bytes_sent", "max_value": 92771293593600, "min_value": 0, "result_format": {"result_format": "SUMMARY", "partial_unexpected_count": 20}}, "meta": {}, "expectation_type": "expect_column_min_to_be_between"}, "exception_info": {"raised_exception": false, "exception_message": null, "exception_traceback": null}}, {"meta": {}, "success": true, "result": {"observed_value": 2147345723, "element_count": 10000, "missing_count": null, "missing_percent": null}, "expectation_config": {"kwargs": {"column": "bytes_sent", "max_value": 92771293593600, "min_value": 1024, "result_format": {"result_format": "SUMMARY", "partial_unexpected_count": 20}}, "meta": {}, "expectation_type": "expect_column_max_to_be_between"}, "exception_info": {"raised_exception": false, "exception_message": null, "exception_traceback": null}}, {"meta": {}, "success": true, "result": {"element_count": 10000, "unexpected_count": 0, "unexpected_percent": 0.0, "unexpected_percent_total": 0.0, "partial_unexpected_list": []}, "expectation_config": {"kwargs": {"column": "bytes_received", "result_format": {"result_format": "SUMMARY", "partial_unexpected_count": 20}}, "meta": {}, "expectation_type": "expect_column_values_to_not_be_null"}, "exception_info": {"raised_exception": false, "exception_message": null, "exception_traceback": null}}, {"meta": {}, "success": true, "result": {"observed_value": "INTEGER"}, "expectation_config": {"kwargs": {"column": "bytes_received", "type_": "INTEGER", "result_format": {"result_format": "SUMMARY", "partial_unexpected_count": 20}}, "meta": {}, "expectation_type": "expect_column_values_to_be_of_type"}, "exception_info": {"raised_exception": false, "exception_message": null, "exception_traceback": null}}, {"meta": {}, "success": true, "result": {"observed_value": 17790, "element_count": 10000, "missing_count": null, "missing_percent": null}, "expectation_config": {"kwargs": {"column": "bytes_received", "max_value": 92771293593600, "min_value": 0, "result_format": {"result_format": "SUMMARY", "partial_unexpected_count": 20}}, "meta": {}, "expectation_type": "expect_column_min_to_be_between"}, "exception_info": {"raised_exception": false, "exception_message": null, "exception_traceback": null}}, {"meta": {}, "success": true, "result": {"observed_value": 2147468379, "element_count": 10000, "missing_count": null, "missing_percent": null}, "expectation_config": {"kwargs": {"column": "bytes_received", "max_value": 92771293593600, "min_value": 1024, "result_format": {"result_format": "SUMMARY", "partial_unexpected_count": 20}}, "meta": {}, "expectation_type": "expect_column_max_to_be_between"}, "exception_info": {"raised_exception": false, "exception_message": null, "exception_traceback": null}}, {"meta": {}, "success": true, "result": {"element_count": 10000, "unexpected_count": 0, "unexpected_percent": 0.0, "unexpected_percent_total": 0.0, "partial_unexpected_list": []}, "expectation_config": {"kwargs": {"column": "user_id", "result_format": {"result_format": "SUMMARY", "partial_unexpected_count": 20}}, "meta": {}, "expectation_type": "expect_column_values_to_not_be_null"}, "exception_info": {"raised_exception": false, "exception_message": null, "exception_traceback": null}}, {"meta": {}, "success": true, "result": {"observed_value": "INTEGER"}, "expectation_config": {"kwargs": {"column": "user_id", "type_": "INTEGER", "result_format": {"result_format": "SUMMARY", "partial_unexpected_count": 20}}, "meta": {}, "expectation_type": "expect_column_values_to_be_of_type"}, "exception_info": {"raised_exception": false, "exception_message": null, "exception_traceback": null}}, {"meta": {}, "success": true, "result": {"observed_value": 0.0123, "element_count": 10000, "missing_count": null, "missing_percent": null}, "expectation_config": {"kwargs": {"column": "user_id", "min_value": 0.005, "result_format": {"result_format": "SUMMARY", "partial_unexpected_count": 20}}, "meta": {}, "expectation_type": "expect_column_proportion_of_unique_values_to_be_between"}, "exception_info": {"raised_exception": false, "exception_message": null, "exception_traceback": null}}, {"meta": {}, "success": true, "result": {"element_count": 10000, "unexpected_count": 0, "unexpected_percent": 0.0, "unexpected_percent_total": 0.0, "partial_unexpected_list": []}, "expectation_config": {"kwargs": {"column": "device_ip_addr", "result_format": {"result_format": "SUMMARY", "partial_unexpected_count": 20}}, "meta": {}, "expectation_type": "expect_column_values_to_not_be_null"}, "exception_info": {"raised_exception": false, "exception_message": null, "exception_traceback": null}}, {"meta": {}, "success": true, "result": {"observed_value": "TEXT"}, "expectation_config": {"kwargs": {"column": "device_ip_addr", "type_": "TEXT", "result_format": {"result_format": "SUMMARY", "partial_unexpected_count": 20}}, "meta": {}, "expectation_type": "expect_column_values_to_be_of_type"}, "exception_info": {"raised_exception": false, "exception_message": null, "exception_traceback": null}}, {"meta": {}, "success": true, "result": {"element_count": 10000, "missing_count": 0, "missing_percent": 0.0, "unexpected_count": 0, "unexpected_percent": 0.0, "unexpected_percent_total": 0.0, "unexpected_percent_nonmissing": 0.0, "partial_unexpected_list": [], "partial_unexpected_index_list": null, "partial_unexpected_counts": []}, "expectation_config": {"kwargs": {"column": "device_ip_addr", "regex": "^\\d{1,3}\\.\\d{1,3}\\.\\d{1,3}\\.\\d{1,3}$", "result_format": {"result_format": "SUMMARY", "partial_unexpected_count": 20}}, "meta": {}, "expectation_type": "expect_column_values_to_match_regex"}, "exception_info": {"raised_exception": false, "exception_message": null, "exception_traceback": null}}, {"meta": {}, "success": true, "result": {"element_count": 10000, "unexpected_count": 0, "unexpected_percent": 0.0, "unexpected_percent_total": 0.0, "partial_unexpected_list": []}, "expectation_config": {"kwargs": {"column": "traffic_time", "result_format": {"result_format": "SUMMARY", "partial_unexpected_count": 20}}, "meta": {}, "expectation_type": "expect_column_values_to_not_be_null"}, "exception_info": {"raised_exception": false, "exception_message": null, "exception_traceback": null}}, {"meta": {}, "success": true, "result": {"observed_value": "TIMESTAMP"}, "expectation_config": {"kwargs": {"column": "traffic_time", "type_": "TIMESTAMP", "result_format": {"result_format": "SUMMARY", "partial_unexpected_count": 20}}, "meta": {}, "expectation_type": "expect_column_values_to_be_of_type"}, "exception_info": {"raised_exception": false, "exception_message": null, "exception_traceback": null}}], "meta": {"great_expectations_version": "0.13.19", "expectation_suite_name": "sperfilyev.ods_t_traffic.warning", "run_id": {"run_time": "2021-05-27T20:07:40.134685+00:00", "run_name": "20210527T200740.134685Z"}, "batch_kwargs": {"data_asset_name": "sperfilyev.ods_t_traffic", "datasource": "sperfilyev_db", "schema": "sperfilyev", "table": "ods_t_traffic"}, "batch_markers": {"ge_load_time": "20210527T200739.535748Z"}, "batch_parameters": null, "validation_time": "20210527T200740.183719Z"}, "success": true, "statistics": {"evaluated_expectations": 23, "successful_expectations": 23, "unsuccessful_expectations": 0, "success_percent": 100.0}, "evaluation_parameters": {}}