{"evaluation_parameters": {}, "results": [{"success": true, "expectation_config": {"kwargs": {"max_value": 20000, "min_value": 1000, "result_format": {"result_format": "SUMMARY", "partial_unexpected_count": 20}}, "expectation_type": "expect_table_row_count_to_be_between", "meta": {}}, "result": {"observed_value": 10000}, "exception_info": {"raised_exception": false, "exception_message": null, "exception_traceback": null}, "meta": {}}, {"success": true, "expectation_config": {"kwargs": {"column_list": ["user_id", "start_time", "end_time", "title", "description", "service"], "result_format": {"result_format": "SUMMARY", "partial_unexpected_count": 20}}, "expectation_type": "expect_table_columns_to_match_ordered_list", "meta": {}}, "result": {"observed_value": ["user_id", "start_time", "end_time", "title", "description", "service"]}, "exception_info": {"raised_exception": false, "exception_message": null, "exception_traceback": null}, "meta": {}}, {"success": true, "expectation_config": {"kwargs": {"column_list": ["user_id", "start_time"], "ignore_row_if": "never", "result_format": {"result_format": "SUMMARY", "partial_unexpected_count": 20}}, "expectation_type": "expect_compound_columns_to_be_unique", "meta": {}}, "result": {"unexpected_percent": 0.0}, "exception_info": {"raised_exception": false, "exception_message": null, "exception_traceback": null}, "meta": {}}, {"success": true, "expectation_config": {"kwargs": {"column": "user_id", "result_format": {"result_format": "SUMMARY", "partial_unexpected_count": 20}}, "expectation_type": "expect_column_values_to_not_be_null", "meta": {}}, "result": {"element_count": 10000, "unexpected_count": 0, "unexpected_percent": 0.0, "unexpected_percent_total": 0.0, "partial_unexpected_list": []}, "exception_info": {"raised_exception": false, "exception_message": null, "exception_traceback": null}, "meta": {}}, {"success": true, "expectation_config": {"kwargs": {"column": "user_id", "type_": "INTEGER", "result_format": {"result_format": "SUMMARY", "partial_unexpected_count": 20}}, "expectation_type": "expect_column_values_to_be_of_type", "meta": {}}, "result": {"observed_value": "INTEGER"}, "exception_info": {"raised_exception": false, "exception_message": null, "exception_traceback": null}, "meta": {}}, {"success": true, "expectation_config": {"kwargs": {"column": "user_id", "min_value": 0.005, "result_format": {"result_format": "SUMMARY", "partial_unexpected_count": 20}}, "expectation_type": "expect_column_proportion_of_unique_values_to_be_between", "meta": {}}, "result": {"observed_value": 0.0123, "element_count": 10000, "missing_count": null, "missing_percent": null}, "exception_info": {"raised_exception": false, "exception_message": null, "exception_traceback": null}, "meta": {}}, {"success": true, "expectation_config": {"kwargs": {"column": "start_time", "result_format": {"result_format": "SUMMARY", "partial_unexpected_count": 20}}, "expectation_type": "expect_column_values_to_not_be_null", "meta": {}}, "result": {"element_count": 10000, "unexpected_count": 0, "unexpected_percent": 0.0, "unexpected_percent_total": 0.0, "partial_unexpected_list": []}, "exception_info": {"raised_exception": false, "exception_message": null, "exception_traceback": null}, "meta": {}}, {"success": true, "expectation_config": {"kwargs": {"column": "start_time", "type_": "TIMESTAMP", "result_format": {"result_format": "SUMMARY", "partial_unexpected_count": 20}}, "expectation_type": "expect_column_values_to_be_of_type", "meta": {}}, "result": {"observed_value": "TIMESTAMP"}, "exception_info": {"raised_exception": false, "exception_message": null, "exception_traceback": null}, "meta": {}}, {"success": true, "expectation_config": {"kwargs": {"column": "start_time", "max_value": "2030-01-01 00:00:00", "min_value": "2012-01-01 00:00:00", "parse_strings_as_datetimes": true, "result_format": {"result_format": "SUMMARY", "partial_unexpected_count": 20}}, "expectation_type": "expect_column_values_to_be_between", "meta": {}}, "result": {"element_count": 10000, "missing_count": 0, "missing_percent": 0.0, "unexpected_count": 0, "unexpected_percent": 0.0, "unexpected_percent_total": 0.0, "unexpected_percent_nonmissing": 0.0, "partial_unexpected_list": [], "partial_unexpected_index_list": null, "partial_unexpected_counts": []}, "exception_info": {"raised_exception": false, "exception_message": null, "exception_traceback": null}, "meta": {}}, {"success": true, "expectation_config": {"kwargs": {"column": "end_time", "result_format": {"result_format": "SUMMARY", "partial_unexpected_count": 20}}, "expectation_type": "expect_column_values_to_not_be_null", "meta": {}}, "result": {"element_count": 10000, "unexpected_count": 0, "unexpected_percent": 0.0, "unexpected_percent_total": 0.0, "partial_unexpected_list": []}, "exception_info": {"raised_exception": false, "exception_message": null, "exception_traceback": null}, "meta": {}}, {"success": true, "expectation_config": {"kwargs": {"column": "end_time", "type_": "TIMESTAMP", "result_format": {"result_format": "SUMMARY", "partial_unexpected_count": 20}}, "expectation_type": "expect_column_values_to_be_of_type", "meta": {}}, "result": {"observed_value": "TIMESTAMP"}, "exception_info": {"raised_exception": false, "exception_message": null, "exception_traceback": null}, "meta": {}}, {"success": true, "expectation_config": {"kwargs": {"column": "end_time", "max_value": "2030-01-01 00:00:00", "min_value": "2012-01-01 00:00:00", "parse_strings_as_datetimes": true, "result_format": {"result_format": "SUMMARY", "partial_unexpected_count": 20}}, "expectation_type": "expect_column_values_to_be_between", "meta": {}}, "result": {"element_count": 10000, "missing_count": 0, "missing_percent": 0.0, "unexpected_count": 0, "unexpected_percent": 0.0, "unexpected_percent_total": 0.0, "unexpected_percent_nonmissing": 0.0, "partial_unexpected_list": [], "partial_unexpected_index_list": null, "partial_unexpected_counts": []}, "exception_info": {"raised_exception": false, "exception_message": null, "exception_traceback": null}, "meta": {}}, {"success": true, "expectation_config": {"kwargs": {"column": "title", "result_format": {"result_format": "SUMMARY", "partial_unexpected_count": 20}}, "expectation_type": "expect_column_values_to_not_be_null", "meta": {}}, "result": {"element_count": 10000, "unexpected_count": 0, "unexpected_percent": 0.0, "unexpected_percent_total": 0.0, "partial_unexpected_list": []}, "exception_info": {"raised_exception": false, "exception_message": null, "exception_traceback": null}, "meta": {}}, {"success": true, "expectation_config": {"kwargs": {"column": "title", "type_": "TEXT", "result_format": {"result_format": "SUMMARY", "partial_unexpected_count": 20}}, "expectation_type": "expect_column_values_to_be_of_type", "meta": {}}, "result": {"observed_value": "TEXT"}, "exception_info": {"raised_exception": false, "exception_message": null, "exception_traceback": null}, "meta": {}}, {"success": true, "expectation_config": {"kwargs": {"column": "title", "max_value": null, "min_value": 8, "mostly": 0.98, "result_format": {"result_format": "SUMMARY", "partial_unexpected_count": 20}}, "expectation_type": "expect_column_value_lengths_to_be_between", "meta": {}}, "result": {"element_count": 10000, "missing_count": 0, "missing_percent": 0.0, "unexpected_count": 0, "unexpected_percent": 0.0, "unexpected_percent_total": 0.0, "unexpected_percent_nonmissing": 0.0, "partial_unexpected_list": [], "partial_unexpected_index_list": null, "partial_unexpected_counts": []}, "exception_info": {"raised_exception": false, "exception_message": null, "exception_traceback": null}, "meta": {}}, {"success": true, "expectation_config": {"kwargs": {"column": "description", "result_format": {"result_format": "SUMMARY", "partial_unexpected_count": 20}}, "expectation_type": "expect_column_values_to_not_be_null", "meta": {}}, "result": {"element_count": 10000, "unexpected_count": 0, "unexpected_percent": 0.0, "unexpected_percent_total": 0.0, "partial_unexpected_list": []}, "exception_info": {"raised_exception": false, "exception_message": null, "exception_traceback": null}, "meta": {}}, {"success": true, "expectation_config": {"kwargs": {"column": "service", "result_format": {"result_format": "SUMMARY", "partial_unexpected_count": 20}}, "expectation_type": "expect_column_values_to_not_be_null", "meta": {}}, "result": {"element_count": 10000, "unexpected_count": 0, "unexpected_percent": 0.0, "unexpected_percent_total": 0.0, "partial_unexpected_list": []}, "exception_info": {"raised_exception": false, "exception_message": null, "exception_traceback": null}, "meta": {}}, {"success": true, "expectation_config": {"kwargs": {"column": "service", "type_": "TEXT", "result_format": {"result_format": "SUMMARY", "partial_unexpected_count": 20}}, "expectation_type": "expect_column_values_to_be_of_type", "meta": {}}, "result": {"observed_value": "TEXT"}, "exception_info": {"raised_exception": false, "exception_message": null, "exception_traceback": null}, "meta": {}}], "success": true, "statistics": {"evaluated_expectations": 18, "successful_expectations": 18, "unsuccessful_expectations": 0, "success_percent": 100.0}, "meta": {"great_expectations_version": "0.13.19", "expectation_suite_name": "sperfilyev.ods_t_issue.warning", "run_id": {"run_time": "2021-05-27T19:44:19.002063+00:00", "run_name": "20210527T194419.002063Z"}, "batch_kwargs": {"data_asset_name": "sperfilyev.ods_t_issue", "datasource": "sperfilyev_db", "schema": "sperfilyev", "table": "ods_t_issue"}, "batch_markers": {"ge_load_time": "20210527T194418.401349Z"}, "batch_parameters": null, "validation_time": "20210527T194419.057316Z"}}