{
  "data_asset_type": "Dataset",
  "expectation_suite_name": "sperfilyev.ods_t_payment.warning",
  "expectations": [
    {
      "expectation_type": "expect_table_columns_to_match_ordered_list",
      "kwargs": {
        "column_list": [
          "user_id",
          "pay_doc_type",
          "pay_doc_num",
          "account",
          "phone",
          "billing_period",
          "pay_date",
          "pay_sum"
        ]
      },
      "meta": {}
    },
    {
      "expectation_type": "expect_table_row_count_to_be_between",
      "kwargs": {
        "max_value": 20000,
        "min_value": 1000
      },
      "meta": {}
    },
    {
      "expectation_type": "expect_compound_columns_to_be_unique",
      "kwargs": {
        "column_list": [
          "pay_doc_type",
          "pay_doc_num"
        ],
        "ignore_row_if": "never"
      },
      "meta": {}
    },
    {
      "expectation_type": "expect_column_values_to_not_be_null",
      "kwargs": {
        "column": "user_id"
      },
      "meta": {}
    },
    {
      "expectation_type": "expect_column_proportion_of_unique_values_to_be_between",
      "kwargs": {
        "column": "user_id",
        "min_value": 0.005
      },
      "meta": {}
    },
    {
      "expectation_type": "expect_column_values_to_be_of_type",
      "kwargs": {
        "column": "user_id",
        "type_": "INTEGER"
      },
      "meta": {}
    },
    {
      "expectation_type": "expect_column_distinct_values_to_equal_set",
      "kwargs": {
        "column": "pay_doc_type",
        "value_set": [
          "MASTER",
          "MIR",
          "VISA"
        ]
      },
      "meta": {}
    },
    {
      "expectation_type": "expect_column_values_to_not_be_null",
      "kwargs": {
        "column": "pay_doc_type"
      },
      "meta": {}
    },
    {
      "expectation_type": "expect_column_values_to_be_of_type",
      "kwargs": {
        "column": "pay_doc_type",
        "type_": "TEXT"
      },
      "meta": {}
    },
    {
      "expectation_type": "expect_column_kl_divergence_to_be_less_than",
      "kwargs": {
        "column": "pay_doc_type",
        "partition_object": {
          "values": [
            "MASTER",
            "MIR",
            "VISA"
          ],
          "weights": [
            0.3333333333333333,
            0.3333333333333333,
            0.3333333333333333
          ]
        },
        "threshold": 0.5
      },
      "meta": {}
    },
    {
      "expectation_type": "expect_column_values_to_not_be_null",
      "kwargs": {
        "column": "pay_doc_num"
      },
      "meta": {}
    },
    {
      "expectation_type": "expect_column_values_to_be_between",
      "kwargs": {
        "column": "pay_doc_num",
        "min_value": 1
      },
      "meta": {}
    },
    {
      "expectation_type": "expect_column_values_to_be_of_type",
      "kwargs": {
        "column": "pay_doc_num",
        "type_": "INTEGER"
      },
      "meta": {}
    },
    {
      "expectation_type": "expect_column_values_to_not_be_null",
      "kwargs": {
        "column": "account"
      },
      "meta": {}
    },
    {
      "expectation_type": "expect_column_proportion_of_unique_values_to_be_between",
      "kwargs": {
        "column": "account",
        "min_value": 0.01
      },
      "meta": {}
    },
    {
      "expectation_type": "expect_column_values_to_be_of_type",
      "kwargs": {
        "column": "account",
        "type_": "TEXT"
      },
      "meta": {}
    },
    {
      "expectation_type": "expect_column_values_to_match_regex",
      "kwargs": {
        "column": "account",
        "regex": "^FL-\\d{1,10}$"
      },
      "meta": {}
    },
    {
      "expectation_type": "expect_column_values_to_not_be_null",
      "kwargs": {
        "column": "phone"
      },
      "meta": {}
    },
    {
      "expectation_type": "expect_column_values_to_match_regex",
      "kwargs": {
        "column": "phone",
        "regex": "^\\+79\\d{9}$"
      },
      "meta": {}
    },
    {
      "expectation_type": "expect_column_values_to_be_of_type",
      "kwargs": {
        "column": "phone",
        "type_": "TEXT"
      },
      "meta": {}
    },
    {
      "expectation_type": "expect_column_proportion_of_unique_values_to_be_between",
      "kwargs": {
        "column": "billing_period",
        "max_value": 0.02,
        "min_value": 0.005
      },
      "meta": {}
    },
    {
      "expectation_type": "expect_column_values_to_not_be_null",
      "kwargs": {
        "column": "billing_period"
      },
      "meta": {}
    },
    {
      "expectation_type": "expect_column_values_to_match_regex",
      "kwargs": {
        "column": "billing_period",
        "regex": "^20\\d\\d-\\d\\d$"
      },
      "meta": {}
    },
    {
      "expectation_type": "expect_column_values_to_be_between",
      "kwargs": {
        "column": "billing_period",
        "max_value": "2030-01",
        "min_value": "2012-01"
      },
      "meta": {}
    },
    {
      "expectation_type": "expect_column_values_to_be_of_type",
      "kwargs": {
        "column": "billing_period",
        "type_": "TEXT"
      },
      "meta": {}
    },
    {
      "expectation_type": "expect_column_values_to_not_be_null",
      "kwargs": {
        "column": "pay_date"
      },
      "meta": {}
    },
    {
      "expectation_type": "expect_column_values_to_be_of_type",
      "kwargs": {
        "column": "pay_date",
        "type_": "DATE"
      },
      "meta": {}
    },
    {
      "expectation_type": "expect_column_values_to_be_between",
      "kwargs": {
        "column": "pay_date",
        "max_value": "2030-01-01",
        "min_value": "2012-01-01",
        "parse_strings_as_datetimes": true
      },
      "meta": {}
    },
    {
      "expectation_type": "expect_column_values_to_be_between",
      "kwargs": {
        "column": "pay_sum",
        "max_value": 300000.0,
        "min_value": 0.01,
        "mostly": 0.99
      },
      "meta": {}
    },
    {
      "expectation_type": "expect_column_quantile_values_to_be_between",
      "kwargs": {
        "allow_relative_error": true,
        "column": "pay_sum",
        "quantile_ranges": {
          "quantiles": [
            0.05,
            0.25,
            0.5,
            0.75,
            0.95
          ],
          "value_ranges": [
            [
              300.0,
              1000.0
            ],
            [
              1000.0,
              4000.0
            ],
            [
              4000.0,
              6000.0
            ],
            [
              6000.0,
              8000.0
            ],
            [
              8000.0,
              10000.0
            ]
          ]
        }
      },
      "meta": {}
    },
    {
      "expectation_type": "expect_column_values_to_not_be_null",
      "kwargs": {
        "column": "pay_sum"
      },
      "meta": {}
    },
    {
      "expectation_type": "expect_column_values_to_be_in_type_list",
      "kwargs": {
        "column": "pay_sum",
        "type_list": [
          "NUMERIC",
          "DECIMAL"
        ]
      },
      "meta": {}
    }
  ],
  "meta": {
    "BasicSuiteBuilderProfiler": {
      "batch_kwargs": {
        "data_asset_name": "sperfilyev.ods_t_payment",
        "datasource": "sperfilyev_db",
        "limit": 1000,
        "schema": "sperfilyev",
        "table": "ods_t_payment"
      },
      "created_at": 1622134837.5859914,
      "created_by": "BasicSuiteBuilderProfiler"
    },
    "citations": [
      {
        "batch_definition": null,
        "batch_kwargs": {
          "data_asset_name": "sperfilyev.ods_t_payment",
          "datasource": "sperfilyev_db",
          "limit": 1000,
          "schema": "sperfilyev",
          "table": "ods_t_payment"
        },
        "batch_markers": {
          "ge_load_time": "20210527T170024.179031Z"
        },
        "batch_parameters": null,
        "batch_request": null,
        "batch_spec": null,
        "citation_date": "2021-05-27T17:00:41.211178Z",
        "comment": "BasicSuiteBuilderProfiler added a citation based on the current batch."
      }
    ],
    "columns": {
      "account": {
        "description": ""
      },
      "billing_period": {
        "description": ""
      },
      "pay_date": {
        "description": ""
      },
      "pay_doc_num": {
        "description": ""
      },
      "pay_doc_type": {
        "description": ""
      },
      "pay_sum": {
        "description": ""
      },
      "phone": {
        "description": ""
      },
      "user_id": {
        "description": ""
      }
    },
    "great_expectations_version": "0.13.19",
    "notes": {
      "content": [
        ""
      ],
      "format": "markdown"
    }
  }
}